case_id,name,role,statement,gender,true_sentiment
C001,Rohan Mehta,culprit,"I did not steal anything, I was at the market buying groceries.",Male,Negative
C001,Anita Verma,witness,I saw Rohan holding the stolen purse and running away.,Female,Neutral
C001,Priya Sharma,victim,My purse went missing when Rohan bumped into me near the shop.,Female,Negative
C002,Arjun Patel,culprit,"I admit I took the money, but it was an emergency.",Male,Neutral
C002,Neha Singh,witness,I heard him threatening the cashier before taking the cash.,Female,Negative
C002,Raj Malhotra,victim,He pointed a knife at me and forced me to open the counter.,Male,Negative
C003,Aman Gupta,culprit,"I did not attack him intentionally, it was self-defense.",Male,Neutral
C003,Karan Das,witness,I saw Aman push the man after an argument.,Male,Neutral
C003,Rahul Nair,victim,He punched me without reason; I wasn’t even talking to him.,Male,Negative
C004,Suresh Rao,culprit,"I did not hit anyone; my bike skidded, and I panicked and left the spot.",Male,Neutral
C004,Leena Kapoor,witness,I saw his bike crash into the pedestrian before he drove off in fear.,Female,Negative
C004,Vijay Kumar,victim,I was crossing the road when the bike hit me from behind without slowing down.,Male,Negative
C005,Mehul Shah,culprit,I only sent a promotional link; I did not know it would steal bank details.,Male,Neutral
C005,Ritu Jain,witness,He shared the same suspicious link with our entire office group last week.,Female,Negative
C005,Sanjay Gupta,victim,My account got debited right after I clicked the link he forwarded.,Male,Negative
C006,Varsha Nair,culprit,I pushed him by mistake while arguing; I never intended to hurt him.,Female,Negative
C006,Nitin Rao,witness,I heard loud shouting and saw her shove him near the staircase.,Male,Negative
C006,Harish Kumar,victim,"She pushed me suddenly, and I fell on the steps without any warning.",Male,Negative
C007,Imran Ali,culprit,I only entered the shop because the shutter was half open; I took nothing.,Male,Neutral
C007,Pooja Singh,witness,I noticed him pulling the shop's shutter up before sneaking inside.,Female,Negative
C007,Mahesh Lal,victim,My shop was locked tightly; someone forced the shutter and stole the cash drawer.,Male,Negative
C008,Raghav Bansal,culprit,I borrowed the laptop from the room; I was going to return it before morning.,Male,Neutral
C008,Sneha Chatterjee,witness,I saw Raghav entering the room when the owner was not present.,Female,Neutral
C008,Kunal Roy,victim,My laptop was missing from my table when I returned from the library.,Male,Negative
C009,Ankita Desai,culprit,"He was yelling at me first, so I slapped him in self-defense.",Female,Negative
C009,Rohan Bhatt,witness,I saw her step out of the car and hit the man after a heated argument.,Male,Negative
C009,Aditya Shah,victim,She attacked me for simply asking her to stop blocking the lane.,Male,Negative
C010,Tapan Verma,culprit,I hit the ATM machine only because my card got stuck; I didn’t break anything intentionally.,Male,Neutral
C010,Meena Thakur,witness,He was banging on the ATM screen with his helmet and shouting loudly.,Female,Negative
C010,Bank Security,victim,"The machine's screen cracked, and the internal panel was damaged during his outburst.",Male,Negative
C011,Rishi Uttam,victim,Yes I admit that I do commit this crime,Male,Positive
