case_id,case_name,date,location
C001,Theft at Market Street,2024-10-15,Delhi
C002,Robbery at City Mall,2024-11-02,Mumbai
C003,Assault near Central Park,2024-11-04,Bangalore
C004,Hit-and-Run at Ring Road,2024-11-10,Hyderabad
C005,Cyber Fraud Complaint,2024-11-12,Pune
C006,Domestic Altercation,2024-11-14,Chennai
C007,Shop Break-In,2024-11-18,Jaipur
C008,College Hostel Theft,2024-11-20,Kolkata
C009,Road Rage Assault,2024-11-22,Ahmedabad
C010,ATM Vandalism,2024-11-25,Lucknow
C011,Criminal Case,2025-12-23,Gurugram
