case_id,case_name,date,location,name,role,statement,gender,sentiment,true_sentiment,sentiment_score,statement_type,deny,admit,defensive
C001,Theft at Market Street,2024-10-15,Delhi,Rohan Mehta,culprit,"I did not steal anything, I was at the market buying groceries.",Male,Neutral,Negative,1,deny,1,0,1
C001,Theft at Market Street,2024-10-15,Delhi,Anita Verma,witness,I saw Rohan holding the stolen purse and running away.,Female,Neutral,Neutral,1,defensive,0,0,1
C001,Theft at Market Street,2024-10-15,Delhi,Priya Sharma,victim,My purse went missing when Rohan bumped into me near the shop.,Female,Negative,Negative,0,defensive,0,0,1
C002,Robbery at City Mall,2024-11-02,Mumbai,Arjun Patel,culprit,"I admit I took the money, but it was an emergency.",Male,Neutral,Neutral,1,admit,0,1,1
C002,Robbery at City Mall,2024-11-02,Mumbai,Neha Singh,witness,I heard him threatening the cashier before taking the cash.,Female,Negative,Negative,0,defensive,0,0,1
C002,Robbery at City Mall,2024-11-02,Mumbai,Raj Malhotra,victim,He pointed a knife at me and forced me to open the counter.,Male,Negative,Negative,0,defensive,0,0,1
C003,Assault near Central Park,2024-11-04,Bangalore,Aman Gupta,culprit,"I did not attack him intentionally, it was self-defense.",Male,Neutral,Neutral,1,deny,1,0,0
C003,Assault near Central Park,2024-11-04,Bangalore,Karan Das,witness,I saw Aman push the man after an argument.,Male,Neutral,Neutral,1,defensive,0,0,1
C003,Assault near Central Park,2024-11-04,Bangalore,Rahul Nair,victim,He punched me without reason; I wasn’t even talking to him.,Male,Negative,Negative,0,defensive,0,0,1
C004,Hit-and-Run at Ring Road,2024-11-10,Hyderabad,Suresh Rao,culprit,"I did not hit anyone; my bike skidded, and I panicked and left the spot.",Male,Neutral,Neutral,1,deny,1,0,1
C004,Hit-and-Run at Ring Road,2024-11-10,Hyderabad,Leena Kapoor,witness,I saw his bike crash into the pedestrian before he drove off in fear.,Female,Negative,Negative,0,defensive,0,0,1
C004,Hit-and-Run at Ring Road,2024-11-10,Hyderabad,Vijay Kumar,victim,I was crossing the road when the bike hit me from behind without slowing down.,Male,Neutral,Negative,1,defensive,0,0,1
C005,Cyber Fraud Complaint,2024-11-12,Pune,Mehul Shah,culprit,I only sent a promotional link; I did not know it would steal bank details.,Male,Neutral,Neutral,1,deny,1,0,1
C005,Cyber Fraud Complaint,2024-11-12,Pune,Ritu Jain,witness,He shared the same suspicious link with our entire office group last week.,Female,Negative,Negative,0,defensive,0,0,1
C005,Cyber Fraud Complaint,2024-11-12,Pune,Sanjay Gupta,victim,My account got debited right after I clicked the link he forwarded.,Male,Negative,Negative,0,defensive,0,0,1
C006,Domestic Altercation,2024-11-14,Chennai,Varsha Nair,culprit,I pushed him by mistake while arguing; I never intended to hurt him.,Female,Negative,Negative,0,deny,1,1,1
C006,Domestic Altercation,2024-11-14,Chennai,Nitin Rao,witness,I heard loud shouting and saw her shove him near the staircase.,Male,Neutral,Negative,1,defensive,0,0,1
C006,Domestic Altercation,2024-11-14,Chennai,Harish Kumar,victim,"She pushed me suddenly, and I fell on the steps without any warning.",Male,Negative,Negative,0,defensive,0,0,1
C007,Shop Break-In,2024-11-18,Jaipur,Imran Ali,culprit,I only entered the shop because the shutter was half open; I took nothing.,Male,Neutral,Neutral,1,deny,1,0,1
C007,Shop Break-In,2024-11-18,Jaipur,Pooja Singh,witness,I noticed him pulling the shop's shutter up before sneaking inside.,Female,Neutral,Negative,1,deny,1,0,1
C007,Shop Break-In,2024-11-18,Jaipur,Mahesh Lal,victim,My shop was locked tightly; someone forced the shutter and stole the cash drawer.,Male,Negative,Negative,0,defensive,0,0,1
C008,College Hostel Theft,2024-11-20,Kolkata,Raghav Bansal,culprit,I borrowed the laptop from the room; I was going to return it before morning.,Male,Neutral,Neutral,1,defensive,0,0,1
C008,College Hostel Theft,2024-11-20,Kolkata,Sneha Chatterjee,witness,I saw Raghav entering the room when the owner was not present.,Female,Neutral,Neutral,1,deny,1,0,1
C008,College Hostel Theft,2024-11-20,Kolkata,Kunal Roy,victim,My laptop was missing from my table when I returned from the library.,Male,Negative,Negative,0,defensive,0,0,1
C009,Road Rage Assault,2024-11-22,Ahmedabad,Ankita Desai,culprit,"He was yelling at me first, so I slapped him in self-defense.",Female,Neutral,Negative,1,admit,0,1,1
C009,Road Rage Assault,2024-11-22,Ahmedabad,Rohan Bhatt,witness,I saw her step out of the car and hit the man after a heated argument.,Male,Negative,Negative,0,defensive,0,0,1
C009,Road Rage Assault,2024-11-22,Ahmedabad,Aditya Shah,victim,She attacked me for simply asking her to stop blocking the lane.,Male,Negative,Negative,0,defensive,0,0,1
C010,ATM Vandalism,2024-11-25,Lucknow,Tapan Verma,culprit,I hit the ATM machine only because my card got stuck; I didn’t break anything intentionally.,Male,Neutral,Neutral,1,admit,0,1,1
C010,ATM Vandalism,2024-11-25,Lucknow,Meena Thakur,witness,He was banging on the ATM screen with his helmet and shouting loudly.,Female,Neutral,Negative,1,defensive,0,0,1
C010,ATM Vandalism,2024-11-25,Lucknow,Bank Security,victim,"The machine's screen cracked, and the internal panel was damaged during his outburst.",Male,Negative,Negative,0,defensive,0,0,1
C011,Criminal Case,2025-12-23,Gurugram,Rishi Uttam,victim,Yes I admit that I do commit this crime,Male,Negative,Positive,0,admit,0,1,1
